<Fichero>
	<Cursos>
		<Curso Curso="P1A" IdCurso="1" />
	</Cursos>
	<TiposEjemplar>
		<TipoEjemplar IdTipoEjemplar="1" TipoEjemplar="NO PRESTABLE" />
	<TipoEjemplar IdTipoEjemplar="2" TipoEjemplar="Normal" />
		<TipoEjemplar IdTipoEjemplar="3" TipoEjemplar="Restringido" />
		</TiposEjemplar>
	<Ubicaciones>
		<Ubicacion IdUbicacion="1" Ubicacion="Biblioteca" />
	<Ubicacion IdUbicacion="2" Ubicacion="Pecera Conserje" />
		<Ubicacion IdUbicacion="3" Ubicacion="El Patio" />
	<Ubicacion IdUbicacion="4" Ubicacion="El WC three" />
		<Ubicacion IdUbicacion="5" Ubicacion="SalaProf three" />
		<Ubicacion IdUbicacion="6" Ubicacion="Aula Estable three" />
	</Ubicaciones>
	<Procedencias>
		<Procedencia IdProcedencia="1" Procedencia="M E  1980" />
	</Procedencias>
	<Autores>
		<Autor IdAutor="1" Nombre="Afanasiev" TipoAutor="Persona" />
	<Autor IdAutor="2" Nombre="Simon, Francesca" TipoAutor="Persona" />
		<Autor IdAutor="3" Nombre="Armijo, Consuelo" TipoAutor="Persona" />
	<Autor IdAutor="4" Nombre="Irish, William" TipoAutor="Persona" />
		<Autor IdAutor="5" Nombre="Sturniolo, Norma" TipoAutor="Persona" />
		<Autor IdAutor="6" Nombre="Dickens, Charles" TipoAutor="Persona" />
	</Autores>
	<TiposLector>
		<TipoLector Ejemplares="1" IdTipoLector="1" TipoLector="ALUMNO">
			<Politicas Dias="0" IdTipoEjemplar="1" />
			<Politicas Dias="15" IdTipoEjemplar="2" />
			<Politicas Dias="7" IdTipoEjemplar="3" />
			<Politicas Dias="1" IdTipoEjemplar="4" />
			<Politicas Dias="1" IdTipoEjemplar="5" />
		</TipoLector>
	</TiposLector>
	<Lectores />
	<Centros>
		<Centro Biblioteca="C. P. &#180;&#180;SAN JOS&#201; DE CALASANZ" CodPostal="06010" Codigo="ZZZ" Contacto="Juani" ControlAcceso="True" Direccion="c/Bamb&#250;, s/n" Email="jreve66@hotmail.com" Localidad="BADAJOZ" Nombre="C.P. San Jos&#233; de Calasanz" Password1="12" Password2="123" Password3="csj" Provincia="BADAJOZ" Validez="8" />
	</Centros>
	<Funciones>
		<Funcion CodigoFuncion=", il." />
		<Funcion CodigoFuncion=".Ilustraciones de" />
		<Funcion CodigoFuncion=".Ilustraciones de," />
		<Funcion CodigoFuncion=".Ilustraciones de:" />
		<Funcion CodigoFuncion=".lles de" Funcion="Cristina Brusca" />
		<Funcion CodigoFuncion="adapt." Funcion="adaptador, adaptaci&#243;n" />
		<Funcion CodigoFuncion="adapt. lit." />
		<Funcion CodigoFuncion="Adaptaaci&#243;n" />
		<Funcion CodigoFuncion="Adaptaci&#243;n" />
		<Funcion CodigoFuncion="Adaptaci&#243;n de ." />
		<Funcion CodigoFuncion="Adaptaci&#243;n de :" />
		<Funcion CodigoFuncion="Adaptaci&#243;n de la obr" />
		<Funcion CodigoFuncion="Adaptaci&#243;n de:" />
		<Funcion CodigoFuncion="Adaptaci&#243;n del texto" />
		<Funcion CodigoFuncion="Adaptaci&#243;n:" />
		<Funcion CodigoFuncion="Adaptadp por :" />
		<Funcion CodigoFuncion="Adapttaci&#243;n de ." />
		<Funcion CodigoFuncion="adic." />
		<Funcion CodigoFuncion="anot." Funcion="anotador" />
		<Funcion CodigoFuncion="ap." />
		<Funcion CodigoFuncion="ap., anot." />
		<Funcion CodigoFuncion="arr." Funcion="arreglista, arreglo" />
		<Funcion CodigoFuncion="Autores" />
		<Funcion CodigoFuncion="coaut." />
		<Funcion CodigoFuncion="col." Funcion="colaborador, colaboraci&#243;n" />
		<Funcion CodigoFuncion="Colaboran en este n&#250;" />
		<Funcion CodigoFuncion="com." Funcion="comentarista" />
		<Funcion CodigoFuncion="coment. text." />
		<Funcion CodigoFuncion="Comentario de:" />
		<Funcion CodigoFuncion="Comentario del texto" />
		<Funcion CodigoFuncion="comp." Funcion="compilador, compilaci&#243;n, compositor musical" />
		<Funcion CodigoFuncion="coord." Funcion="coordinador, coordinaci&#243;n" />
		<Funcion CodigoFuncion="Cubierta e ilustraci" />
		<Funcion CodigoFuncion="Dibujado por:" />
		<Funcion CodigoFuncion="Dibujo de la cubiert" />
		<Funcion CodigoFuncion="Dibujos de :" />
		<Funcion CodigoFuncion="Dibujos de:" />
		<Funcion CodigoFuncion="Dibujos:" />
		<Funcion CodigoFuncion="dir." Funcion="director, direcci&#243;n" />
		<Funcion CodigoFuncion="Director de edici&#243;n" />
		<Funcion CodigoFuncion="Dirigen" />
		<Funcion CodigoFuncion="Dise&#241;o de la cubiert" />
		<Funcion CodigoFuncion="Ed" Funcion="Pe&#241;a Aniano" />
		<Funcion CodigoFuncion="ed." />
		<Funcion CodigoFuncion="ed. lit" />
		<Funcion CodigoFuncion="ed. lit." Funcion="editor literario" />
		<Funcion CodigoFuncion="ed. lit. y pr." />
		<Funcion CodigoFuncion="ed. lit. y trad." />
		<Funcion CodigoFuncion="ed. mus." Funcion="editor musical" />
		<Funcion CodigoFuncion="ed.lit., ap. y pr." />
		<Funcion CodigoFuncion="Edic.preparada por" />
		<Funcion CodigoFuncion="Edicci&#243;n de :" />
		<Funcion CodigoFuncion="Edicci&#243;n,pr&#243;logo y v" />
		<Funcion CodigoFuncion="Edici&#243;n" />
		<Funcion CodigoFuncion="Edici&#243;n , introducci" />
		<Funcion CodigoFuncion="Edici&#243;n ,introducci&#243;" />
		<Funcion CodigoFuncion="Edici&#243;n biling&#252;e de" />
		<Funcion CodigoFuncion="Edicion de" Funcion="Pe&#241;a Aniano" />
		<Funcion CodigoFuncion="Edici&#243;n de" />
		<Funcion CodigoFuncion="Edici&#243;n de :" />
		<Funcion CodigoFuncion="Edici&#243;n de." />
		<Funcion CodigoFuncion="Edicion de:" />
		<Funcion CodigoFuncion="Edici&#243;n de:" />
		<Funcion CodigoFuncion="Edici&#243;n gr&#225;fica y re" />
		<Funcion CodigoFuncion="Edici&#243;n y estudio po" />
		<Funcion CodigoFuncion="Edici&#243;n, Introducci&#243;" />
		<Funcion CodigoFuncion="Edici&#243;n,introducci&#243;n" />
		<Funcion CodigoFuncion="Edici&#243;n,prologo,nota" />
		<Funcion CodigoFuncion="Gu&#237;a did&#225;ctica" />
		<Funcion CodigoFuncion="Gu&#237;a Did&#225;ctica:" />
		<Funcion CodigoFuncion="gui&#243;n" />
		<Funcion CodigoFuncion="Idea e ilustraciones" />
		<Funcion CodigoFuncion="IIustrado por :" />
		<Funcion CodigoFuncion="il" />
		<Funcion CodigoFuncion="il." Funcion="ilustrador, ilustraci&#243;n" />
		<Funcion CodigoFuncion="Ilustracioes de:" />
		<Funcion CodigoFuncion="Ilustraci&#243;n" />
		<Funcion CodigoFuncion="Ilustraci&#243;n :" />
		<Funcion CodigoFuncion="Ilustraci&#243;n de" />
		<Funcion CodigoFuncion="Ilustraci&#243;n de :" />
		<Funcion CodigoFuncion="Ilustraci&#243;n y cubier" />
		<Funcion CodigoFuncion="Ilustraci&#243;n:" />
		<Funcion CodigoFuncion="Ilustraciones" />
		<Funcion CodigoFuncion="Ilustraciones :" />
		<Funcion CodigoFuncion="Ilustraciones de" />
		<Funcion CodigoFuncion="Ilustraciones de ." />
		<Funcion CodigoFuncion="Ilustraciones de :" />
		<Funcion CodigoFuncion="Ilustraciones de." />
		<Funcion CodigoFuncion="Ilustraciones de:" />
		<Funcion CodigoFuncion="Ilustraciones de;" />
		<Funcion CodigoFuncion="Ilustraciones interi" />
		<Funcion CodigoFuncion="Ilustraciones y cubi" />
		<Funcion CodigoFuncion="Ilustraciones." />
		<Funcion CodigoFuncion="Ilustraciones:" />
		<Funcion CodigoFuncion="Ilustrado por" />
		<Funcion CodigoFuncion="Ilustrado por :" />
		<Funcion CodigoFuncion="Ilustrado por:" />
		<Funcion CodigoFuncion="Ilutraciones de" />
		<Funcion CodigoFuncion="int." Funcion="int&#233;rprete" />
		<Funcion CodigoFuncion="int. y ap." />
		<Funcion CodigoFuncion="Introducci&#243;n de :" />
		<Funcion CodigoFuncion="Introducci&#243;n y an&#225;li" />
		<Funcion CodigoFuncion="Introducci&#243;n y Selec" />
		<Funcion CodigoFuncion="Introducci&#243;n, edici&#243;" />
		<Funcion CodigoFuncion="Introducci&#243;n,edici&#243;n" />
		<Funcion CodigoFuncion="Introducci&#243;n,selecci" />
		<Funcion CodigoFuncion="Introducci&#243;n:" />
		<Funcion CodigoFuncion="Litograf&#237;a de" />
		<Funcion CodigoFuncion="lustraciones de:" />
		<Funcion CodigoFuncion="Notas de:" />
		<Funcion CodigoFuncion="Portada e ilustracio" />
		<Funcion CodigoFuncion="Portada e ilustreaci" />
		<Funcion CodigoFuncion="pr." Funcion="prologuista, pr&#243;logo" />
		<Funcion CodigoFuncion="Pr&#243;logo :" />
		<Funcion CodigoFuncion="Prologo de" />
		<Funcion CodigoFuncion="Prologo de :" />
		<Funcion CodigoFuncion="Pr&#243;logo de :" />
		<Funcion CodigoFuncion="Prologo de." />
		<Funcion CodigoFuncion="Prologo de:" />
		<Funcion CodigoFuncion="Pr&#243;logo del  prof." />
		<Funcion CodigoFuncion="Pr&#243;logo por el profe" />
		<Funcion CodigoFuncion="Prologo y notas de :" />
		<Funcion CodigoFuncion="Prologo y notas de:" />
		<Funcion CodigoFuncion="Proyecto y direcci&#243;n" />
		<Funcion CodigoFuncion="rec." Funcion="recopilador, recopilaci&#243;n" />
		<Funcion CodigoFuncion="red." Funcion="redactor, redacci&#243;n" />
		<Funcion CodigoFuncion="Revisi&#243;n y adptaci&#243;n" />
		<Funcion CodigoFuncion="sel." Funcion="seleccionador, selecci&#243;n" />
		<Funcion CodigoFuncion="Seleccci&#243;n de :" />
		<Funcion CodigoFuncion="Selecci&#243;n de poemas" />
		<Funcion CodigoFuncion="Selecci&#243;n,Traducci&#243;n" />
		<Funcion CodigoFuncion="Texto de:" />
		<Funcion CodigoFuncion="tr." />
		<Funcion CodigoFuncion="trad" />
		<Funcion CodigoFuncion="trad." Funcion="traductor, traducci&#243;n" />
		<Funcion CodigoFuncion="trad. y an." />
		<Funcion CodigoFuncion="trad. y anot." />
		<Funcion CodigoFuncion="trad., adapt." />
		<Funcion CodigoFuncion="trad., ap." />
		<Funcion CodigoFuncion="trad., il." />
		<Funcion CodigoFuncion="Traducci&#243;n" />
		<Funcion CodigoFuncion="Traducci&#243;n :" />
		<Funcion CodigoFuncion="Traducci&#243;n ;" />
		<Funcion CodigoFuncion="Traducci&#243;n de" />
		<Funcion CodigoFuncion="Traducci&#243;n de ." />
		<Funcion CodigoFuncion="Traducci&#243;n de :" />
		<Funcion CodigoFuncion="Traducci&#243;n de la obr" />
		<Funcion CodigoFuncion="Traducci&#243;n de:" />
		<Funcion CodigoFuncion="Traducci&#243;n del alema" />
		<Funcion CodigoFuncion="Traducci&#243;n del alem&#225;" />
		<Funcion CodigoFuncion="Traducci&#243;n del catal" />
		<Funcion CodigoFuncion="Traducci&#243;n del franc" />
		<Funcion CodigoFuncion="Traducci&#243;n del ingle" />
		<Funcion CodigoFuncion="Traducci&#243;n del ingl&#233;" />
		<Funcion CodigoFuncion="Traducci&#243;n e Introdu" />
		<Funcion CodigoFuncion="Traducci&#243;n y adaptac" />
		<Funcion CodigoFuncion="Traducci&#243;n y notas d" />
		<Funcion CodigoFuncion="Traducci&#243;n." />
		<Funcion CodigoFuncion="Traducci&#243;n:" />
		<Funcion CodigoFuncion="Traducci&#243;nde :" />
		<Funcion CodigoFuncion="Traducciones:" />
		<Funcion CodigoFuncion="Traducci'pon :" />
		<Funcion CodigoFuncion="Traducido del aleman" />
		<Funcion CodigoFuncion="Traductor" />
		<Funcion CodigoFuncion="Traductor :" />
		<Funcion CodigoFuncion="Traductor:" />
		<Funcion CodigoFuncion="Traductora" />
		<Funcion CodigoFuncion="Traductora:" />
		<Funcion CodigoFuncion="Trducci&#243;n de:" />
		<Funcion CodigoFuncion="Truducci&#243;n y adaptac" />
		<Funcion CodigoFuncion="Versi&#243;n castellana d" />
		<Funcion CodigoFuncion="Versi&#243;n de" />
		<Funcion CodigoFuncion="Versi&#243;n de :" />
		<Funcion CodigoFuncion="Versi&#243;n de." />
		<Funcion CodigoFuncion="Versi&#243;n de:" />
		<Funcion CodigoFuncion=", trad." />
	</Funciones>
	<Aplicaciones>
		<Aplicacion Aplicacion="Educaci&#243;n Infantil : Segundo Ciclo (3-6 a&#241;os)" IdAplicacion="2" />
	<Aplicacion Aplicacion="Educaci&#243;n Infantil : Primer Ciclo (0-3 a&#241;os)" IdAplicacion="3" />
		<Aplicacion Aplicacion="Educaci&#243;n Infantil : Segundo Ciclo (3-6 a&#241;os)" IdAplicacion="4" />
	<Aplicacion Aplicacion="Superior" IdAplicacion="5" />
		<Aplicacion Aplicacion="Infantil" IdAplicacion="6" />
		<Aplicacion Aplicacion="Secundaria" IdAplicacion="7" />
	</Aplicaciones>
	<Descriptores>
		<Descriptor Descriptor="Alma" IdDescriptor="259" />
	<Descriptor Descriptor="Abad&#237;as" IdDescriptor="260" />
		<Descriptor Descriptor="Abalorios" IdDescriptor="261" />
	<Descriptor Descriptor="General" IdDescriptor="262" />
		<Descriptor Descriptor="Romance" IdDescriptor="263" />
		<Descriptor Descriptor="Figuras" IdDescriptor="264" />
	</Descriptores>
	<Editoriales>
		<Editorial Editorial="Doncel" IdEditorial="3" />
	<Editorial Editorial="SM" IdEditorial="4" />
		<Editorial Editorial="S.M." IdEditorial="5" />
	<Editorial Editorial=": Vicens Vives" IdEditorial="6" />
		<Editorial Editorial="Vicens Vives" IdEditorial="7" />
		<Editorial Editorial="Vicens-Vives" IdEditorial="8" />
	</Editoriales>
	<Paises>
		<Pais ClavePais="3" Pais="Reino unido" />
		<Pais ClavePais="4" Pais="Reino Unido" />
		<Pais ClavePais="5" Pais="ingles" />
		<Pais ClavePais="afg" Pais="Afganist&#225;n" />
		<Pais ClavePais="ago" Pais="Angola" />
		<Pais ClavePais="alb" Pais="Albania" />
		<Pais ClavePais="and" Pais="Andorra" />
		<Pais ClavePais="are" Pais="Emiratos &#193;rabes Unidos" />
		<Pais ClavePais="arg" Pais="Argentina" />
		<Pais ClavePais="ata" Pais="Ant&#225;rtida" />
		<Pais ClavePais="aus" Pais="Australia" />
		<Pais ClavePais="aut" Pais="Austria" />
		<Pais ClavePais="bel" Pais="B&#233;lgica" />
		<Pais ClavePais="ben" Pais="Ben&#237;n" />
		<Pais ClavePais="bgr" Pais="Bulgaria" />
		<Pais ClavePais="bol" Pais="Bolivia" />
		<Pais ClavePais="bra" Pais="Brasil" />
		<Pais ClavePais="caf" Pais="Centroafricana, Rep&#250;blica" />
		<Pais ClavePais="can" Pais="Canad&#225;" />
		<Pais ClavePais="che" Pais="Suiza" />
		<Pais ClavePais="chl" Pais="Chile" />
		<Pais ClavePais="chn" Pais="China" />
		<Pais ClavePais="civ" Pais="Costa de Marfil" />
		<Pais ClavePais="cmr" Pais="Camer&#250;n, Rep&#250;blica Unida" />
		<Pais ClavePais="cog" Pais="Congo" />
		<Pais ClavePais="col" Pais="Colombia" />
		<Pais ClavePais="cri" Pais="Costa Rica" />
		<Pais ClavePais="csk" Pais="Checoslovaquia" />
		<Pais ClavePais="cub" Pais="Cuba" />
		<Pais ClavePais="cyp" Pais="Chipre" />
		<Pais ClavePais="ddr" Pais="Alemania (R.D.)" />
		<Pais ClavePais="deu" Pais="Alemania (R.F.)" />
		<Pais ClavePais="dnk" Pais="Dinamarca" />
		<Pais ClavePais="dom" Pais="Rep&#250;blica Dominicana" />
		<Pais ClavePais="dza" Pais="Argelia" />
		<Pais ClavePais="ecu" Pais="Ecuador" />
		<Pais ClavePais="egy" Pais="Egipto" />
		<Pais ClavePais="esh" Pais="S&#225;hara Occidental" />
		<Pais ClavePais="esp" Pais="Espa&#241;a" />
		<Pais ClavePais="eth" Pais="Etiop&#237;a" />
		<Pais ClavePais="fin" Pais="Finlandia" />
		<Pais ClavePais="flk" Pais="Malvinas, Islas" />
		<Pais ClavePais="fra" Pais="Francia" />
		<Pais ClavePais="gab" Pais="Gab&#243;n" />
		<Pais ClavePais="gbr" Pais="Reino Unido" />
		<Pais ClavePais="gha" Pais="Ghana" />
		<Pais ClavePais="gib" Pais="Gibraltar" />
		<Pais ClavePais="gin" Pais="Guinea" />
		<Pais ClavePais="gmb" Pais="Gambia" />
		<Pais ClavePais="gnb" Pais="Guinea Bissau" />
		<Pais ClavePais="gnq" Pais="Guinea Ecuatorial" />
		<Pais ClavePais="grc" Pais="Grecia" />
		<Pais ClavePais="grd" Pais="Granada" />
		<Pais ClavePais="grl" Pais="Groenlandia" />
		<Pais ClavePais="gtm" Pais="Guatemala" />
		<Pais ClavePais="hkg" Pais="Hong Kong" />
		<Pais ClavePais="hnd" Pais="Honduras" />
		<Pais ClavePais="hti" Pais="Hait&#237;" />
		<Pais ClavePais="hun" Pais="Hungr&#237;a" />
		<Pais ClavePais="idn" Pais="Indonesia" />
		<Pais ClavePais="ind" Pais="India" />
		<Pais ClavePais="irl" Pais="Irlanda" />
		<Pais ClavePais="irn" Pais="Ir&#225;n" />
		<Pais ClavePais="irq" Pais="Iraq" />
		<Pais ClavePais="isl" Pais="Islandia" />
		<Pais ClavePais="isr" Pais="Israel" />
		<Pais ClavePais="ita" Pais="Italia" />
		<Pais ClavePais="jam" Pais="Jamaica" />
		<Pais ClavePais="jor" Pais="Jordania" />
		<Pais ClavePais="jpn" Pais="Jap&#243;n" />
		<Pais ClavePais="ken" Pais="Kenya" />
		<Pais ClavePais="khm" Pais="Kampuchea Democr&#225;tica" />
		<Pais ClavePais="kor" Pais="Corea, Rep&#250;blica de" />
		<Pais ClavePais="kwt" Pais="Kuwait" />
		<Pais ClavePais="lao" Pais="Lao, R.D. Popular" />
		<Pais ClavePais="lbn" Pais="L&#237;bano" />
		<Pais ClavePais="lbr" Pais="Liberia" />
		<Pais ClavePais="lby" Pais="Libia" />
		<Pais ClavePais="lie" Pais="Liechtenstein" />
		<Pais ClavePais="lka" Pais="Sri Lanka" />
		<Pais ClavePais="lux" Pais="Luxemburgo" />
		<Pais ClavePais="mac" Pais="Macao" />
		<Pais ClavePais="mar" Pais="Marruecos" />
		<Pais ClavePais="mco" Pais="M&#243;naco" />
		<Pais ClavePais="mdg" Pais="Madagascar" />
		<Pais ClavePais="mdv" Pais="Maldivas" />
		<Pais ClavePais="mex" Pais="M&#233;xico" />
		<Pais ClavePais="mlt" Pais="Malta" />
		<Pais ClavePais="mng" Pais="Mongolia" />
		<Pais ClavePais="moz" Pais="Mozambique" />
		<Pais ClavePais="mrt" Pais="Mauritania" />
		<Pais ClavePais="mtg" Pais="Martinica" />
		<Pais ClavePais="mwi" Pais="Malawi" />
		<Pais ClavePais="mys" Pais="Malasia" />
		<Pais ClavePais="nam" Pais="Namibia" />
		<Pais ClavePais="ner" Pais="N&#237;ger" />
		<Pais ClavePais="nga" Pais="Nigeria" />
		<Pais ClavePais="nic" Pais="Nicaragua" />
		<Pais ClavePais="nld" Pais="Holanda" />
		<Pais ClavePais="nor" Pais="Noruega" />
		<Pais ClavePais="npl" Pais="Nepal" />
		<Pais ClavePais="nzl" Pais="Nueva Zelanda" />
		<Pais ClavePais="omn" Pais="Om&#225;n" />
		<Pais ClavePais="pak" Pais="Pakist&#225;n" />
		<Pais ClavePais="pan" Pais="Panam&#225;" />
		<Pais ClavePais="per" Pais="Per&#250;" />
		<Pais ClavePais="phl" Pais="Filipinas" />
		<Pais ClavePais="png" Pais="Pap&#250;a, Nueva Guinea" />
		<Pais ClavePais="pol" Pais="Polonia" />
		<Pais ClavePais="pri" Pais="Puerto Rico" />
		<Pais ClavePais="prk" Pais="Corea, Rep&#250;blica Democr&#225;tica" />
		<Pais ClavePais="prt" Pais="Portugal" />
		<Pais ClavePais="pry" Pais="Paraguay" />
		<Pais ClavePais="rom" Pais="Ruman&#237;a" />
		<Pais ClavePais="rwa" Pais="Ruanda" />
		<Pais ClavePais="sau" Pais="Arabia Saud&#237;" />
		<Pais ClavePais="sdn" Pais="Sud&#225;n" />
		<Pais ClavePais="sen" Pais="Senegal" />
		<Pais ClavePais="sgp" Pais="Singapur" />
		<Pais ClavePais="sle" Pais="Sierra Leona" />
		<Pais ClavePais="slv" Pais="El Salvador" />
		<Pais ClavePais="smr" Pais="San Marino" />
		<Pais ClavePais="som" Pais="Somalia" />
		<Pais ClavePais="sun" Pais="URSS" />
		<Pais ClavePais="sur" Pais="Surinam" />
		<Pais ClavePais="swe" Pais="Suecia" />
		<Pais ClavePais="swz" Pais="Swazilandia" />
		<Pais ClavePais="syr" Pais="Siria, Rep&#250;blica &#193;rabe de" />
		<Pais ClavePais="tcd" Pais="Chad" />
		<Pais ClavePais="tgo" Pais="Togo" />
		<Pais ClavePais="tha" Pais="Tailandia" />
		<Pais ClavePais="tto" Pais="Trinidad y Tobago" />
		<Pais ClavePais="tun" Pais="T&#250;nez" />
		<Pais ClavePais="tur" Pais="Turqu&#237;a" />
		<Pais ClavePais="twn" Pais="Taiw&#225;n" />
		<Pais ClavePais="tza" Pais="Tanzania, Rep&#250;blica Unida" />
		<Pais ClavePais="uga" Pais="Uganda" />
		<Pais ClavePais="ury" Pais="Uruguay" />
		<Pais ClavePais="usa" Pais="Estados Unidos" />
		<Pais ClavePais="vat" Pais="Vaticano, E. Ciudad" />
		<Pais ClavePais="ven" Pais="Venezuela" />
		<Pais ClavePais="vnm" Pais="Vietnam" />
		<Pais ClavePais="xxx" Pais="Desconocido" />
		<Pais ClavePais="yem" Pais="Yemen" />
		<Pais ClavePais="ymd" Pais="Yemen Democr&#225;tico" />
		<Pais ClavePais="yug" Pais="Yugoslavia" />
		<Pais ClavePais="zaf" Pais="&#193;frica del Sur" />
		<Pais ClavePais="zar" Pais="Zaire" />
		<Pais ClavePais="zmb" Pais="Zambia" />
		<Pais ClavePais="zwe" Pais="Zimbabwe" />
	</Paises>
	<Lenguas>
		<Lengua ClaveLengua="alb" Lengua="Alban&#233;s" />
		<Lengua ClaveLengua="ara" Lengua="&#193;rabe" />
		<Lengua ClaveLengua="arc" Lengua="Arameo" />
		<Lengua ClaveLengua="arg" Lengua="Aragon&#233;s" />
		<Lengua ClaveLengua="arm" Lengua="Armenio" />
		<Lengua ClaveLengua="arn" Lengua="Araucano" />
		<Lengua ClaveLengua="aym" Lengua="Aimara" />
		<Lengua ClaveLengua="aze" Lengua="Azerbaijan&#233;s" />
		<Lengua ClaveLengua="bab" Lengua="Bable" />
		<Lengua ClaveLengua="bal" Lengua="Balear" />
		<Lengua ClaveLengua="baq" Lengua="Vasco" />
		<Lengua ClaveLengua="bel" Lengua="Bielorruso" />
		<Lengua ClaveLengua="ber" Lengua="Bereber" />
		<Lengua ClaveLengua="bre" Lengua="Bret&#243;n" />
		<Lengua ClaveLengua="bul" Lengua="B&#250;lgaro" />
		<Lengua ClaveLengua="cat" Lengua="Catal&#225;n" />
		<Lengua ClaveLengua="chi" Lengua="Chino" />
		<Lengua ClaveLengua="cze" Lengua="Checo" />
		<Lengua ClaveLengua="dan" Lengua="Dan&#233;s" />
		<Lengua ClaveLengua="dut" Lengua="Neerland&#233;s" />
		<Lengua ClaveLengua="egy" Lengua="Egipcio" />
		<Lengua ClaveLengua="eng" Lengua="Ingl&#233;s" />
		<Lengua ClaveLengua="esp" Lengua="Esperanto" />
		<Lengua ClaveLengua="est" Lengua="Estoniano" />
		<Lengua ClaveLengua="fin" Lengua="Finland&#233;s" />
		<Lengua ClaveLengua="fre" Lengua="Franc&#233;s" />
		<Lengua ClaveLengua="fri" Lengua="Fris&#243;n" />
		<Lengua ClaveLengua="gae" Lengua="Ga&#233;lico" />
		<Lengua ClaveLengua="gag" Lengua="Gallego" />
		<Lengua ClaveLengua="gem" Lengua="Lenguas Germ&#225;nicas" />
		<Lengua ClaveLengua="ger" Lengua="Alem&#225;n" />
		<Lengua ClaveLengua="grc" Lengua="Griego Cl&#225;sico" />
		<Lengua ClaveLengua="gre" Lengua="Griego Moderno" />
		<Lengua ClaveLengua="heb" Lengua="Hebreo" />
		<Lengua ClaveLengua="hun" Lengua="H&#250;ngaro" />
		<Lengua ClaveLengua="ice" Lengua="Island&#233;s" />
		<Lengua ClaveLengua="inc" Lengua="Indio" />
		<Lengua ClaveLengua="ind" Lengua="Indonesio" />
		<Lengua ClaveLengua="ine" Lengua="Indoeuropeo" />
		<Lengua ClaveLengua="ira" Lengua="Iran&#237;" />
		<Lengua ClaveLengua="iri" Lengua="Irland&#233;s" />
		<Lengua ClaveLengua="ita" Lengua="Italiano" />
		<Lengua ClaveLengua="jpn" Lengua="Japon&#233;s" />
		<Lengua ClaveLengua="kir" Lengua="Kirguiz" />
		<Lengua ClaveLengua="kor" Lengua="Coreano" />
		<Lengua ClaveLengua="lad" Lengua="Ladino" />
		<Lengua ClaveLengua="lap" Lengua="Lap&#243;n" />
		<Lengua ClaveLengua="lat" Lengua="Lat&#237;n" />
		<Lengua ClaveLengua="lav" Lengua="Letonio" />
		<Lengua ClaveLengua="lit" Lengua="Lituano" />
		<Lengua ClaveLengua="mac" Lengua="Macedonio" />
		<Lengua ClaveLengua="mla" Lengua="Malgache" />
		<Lengua ClaveLengua="mon" Lengua="Mongol" />
		<Lengua ClaveLengua="mul" Lengua="Varias Lenguas" />
		<Lengua ClaveLengua="myn" Lengua="Maya" />
		<Lengua ClaveLengua="nah" Lengua="Nahua" />
		<Lengua ClaveLengua="ni2" Lengua="Bubi" />
		<Lengua ClaveLengua="nic" Lengua="N&#237;ger-Congo" />
		<Lengua ClaveLengua="nor" Lengua="Noruego" />
		<Lengua ClaveLengua="oto" Lengua="Otomi" />
		<Lengua ClaveLengua="pol" Lengua="Polaco" />
		<Lengua ClaveLengua="por" Lengua="Portugu&#233;s" />
		<Lengua ClaveLengua="pro" Lengua="Provenzal" />
		<Lengua ClaveLengua="pus" Lengua="Afgano" />
		<Lengua ClaveLengua="que" Lengua="Qu&#233;chua" />
		<Lengua ClaveLengua="roh" Lengua="Retorrom&#225;nico" />
		<Lengua ClaveLengua="rom" Lengua="Roman&#237;" />
		<Lengua ClaveLengua="rum" Lengua="Rumano" />
		<Lengua ClaveLengua="rus" Lengua="Ruso" />
		<Lengua ClaveLengua="scr" Lengua="Croata" />
		<Lengua ClaveLengua="sem" Lengua="Lenguas Sem&#237;ticas" />
		<Lengua ClaveLengua="sla" Lengua="Lenguas Eslavas" />
		<Lengua ClaveLengua="slo" Lengua="Eslovaco" />
		<Lengua ClaveLengua="slv" Lengua="Esloveno" />
		<Lengua ClaveLengua="spa" Lengua="Espa&#241;ol" />
		<Lengua ClaveLengua="sux" Lengua="Sumerio" />
		<Lengua ClaveLengua="swa" Lengua="Swahili" />
		<Lengua ClaveLengua="swe" Lengua="Sueco" />
		<Lengua ClaveLengua="syr" Lengua="Siriaco" />
		<Lengua ClaveLengua="tag" Lengua="Tagalo" />
		<Lengua ClaveLengua="tib" Lengua="Tibetano" />
		<Lengua ClaveLengua="tur" Lengua="Turco" />
		<Lengua ClaveLengua="tut" Lengua="Turco-T&#225;rtaro" />
		<Lengua ClaveLengua="ukr" Lengua="Ucraniano" />
		<Lengua ClaveLengua="und" Lengua="Indeterminada" />
		<Lengua ClaveLengua="val" Lengua="Valenciano" />
		<Lengua ClaveLengua="wel" Lengua="Gal&#233;s" />
		<Lengua ClaveLengua="zap" Lengua="Zapoteco" />
		<Lengua ClaveLengua="zul" Lengua="Zul&#250;" />
	</Lenguas>
	<TiposFondo>
		<TipoFondo IdTipoFondo="1" TipoFondo="Libro" />
		<TipoFondo IdTipoFondo="2" TipoFondo="Video" />
		<TipoFondo IdTipoFondo="3" TipoFondo="Archivo de ordenador" />
		<TipoFondo IdTipoFondo="4" TipoFondo="Grabaci&#243;n sonora" />
		<TipoFondo IdTipoFondo="5" TipoFondo="Documento gr&#225;fico" />
		<TipoFondo IdTipoFondo="6" TipoFondo="Revista" />
	</TiposFondo>
	<PrestamosEstadisticas>
		<PrestamoEstadistica DiasRetraso="7" FechaPrestamo="05/11/2008" />
	</PrestamosEstadisticas>
	<Fondos>
		<Fondo CaracteristicasFisicas="il." CodigoExterno="BPE19980058708" CodigoLocal="ZZZ20070000283" Coleccion="Auriga-Serie Azul" DepositoLegal="M. 26.692-1969" Dimensiones="21 cm" Edicion="4&#170; ed." Editorial="3" Extension="170 p." FechaEdicion="1969" FechaPublicacion1="1969" ISBN2="0" IdAutor="1" IdTipoFondo="1" IntroInfo="070327" Lengua="spa" LugarPublicacion="Madrid" NumeroSerie="20" Pais="esp" Titulo="Robins&#243;n Crusoe" Transaccion="20070327:17402706">
			<Ejemplares>
				<Ejemplar CodigoEjemplar="000292Q" FechaAlta="20/02/2001" IdTiposEjemplar="1" NumEjemplar="1" NumRegistro="282" Prestado="False" Procedencia="12" Sig1="82-0" Sig2="DEF" Sig3="rob" />
			</Ejemplares>
			<Prestamos />
			<FuncionesAutor>
				<FuncionAutor IdAutor="1" Principal="True" />
				<FuncionAutor IdAutor="1" IdFuncion="adapt." Principal="False" />
			</FuncionesAutor>
			<CDUs>
				<CDU Codigo="82-0" />
				<CDU Codigo="860-3" />
			</CDUs>
			<FondoAplicaciones>
				<FondoAplicacion IdAplicacion="2" />
			</FondoAplicaciones>
			<FondoDescriptores>
				<Descriptor IdDescriptor="259" />
			</FondoDescriptores>
		</Fondo>
	<Fondo CaracteristicasFisicas=": il." CodigoExterno="20090000001" CodigoLocal="20090000001" DepositoLegal="M 31732-2002" Dimensiones="; 19 cm" Edicion="7&#170; ed" Editorial="4" Extension="96 p." FechaEdicion="2005" FechaPublicacion1="2002" ISBN="84-348-9005-4" ISBN2="8434890054" IdAutor="2" IdTipoFondo="1" IntroInfo="091130" Lengua="spa" LugarPublicacion="Madrid" Pais="esp" RestoPortada="/ Francesca Simon ; ilustraciones de Tony Ross" Titulo="Pablo Diablo y el club secreto" Transaccion="20091130:11320534">
			<Ejemplares>
				<Ejemplar CodigoEjemplar="000293V" FechaAlta="30/11/2009" IdTiposEjemplar="2" NumEjemplar="1" NumRegistro="1" Prestado="False" Sig1="82" Sig2="SIM" Sig3="pab" />
			</Ejemplares>
			<Prestamos />
			<FuncionesAutor />
			<CDUs>
				<CDU Codigo="82" />
			</CDUs>
			<FondoAplicaciones>
				<FondoAplicacion IdAplicacion="3" />
			</FondoAplicaciones>
			<FondoDescriptores>
				<Descriptor IdDescriptor="260" />
			</FondoDescriptores>
		</Fondo>
		<Fondo CaracteristicasFisicas=": il." CodigoExterno="20090000002" CodigoLocal="20090000002" DepositoLegal="M 27682-2002" Dimensiones="; 19 cm" Edicion="7&#170; ed" Editorial="5" Extension="94 p." FechaEdicion="2006" FechaPublicacion1="2002" ISBN="84-348-8974-9" ISBN2="8434889749" IdAutor="3" IdTipoFondo="1" IntroInfo="091130" Lengua="spa" LugarPublicacion="Madrid" Pais="esp" RestoPortada="/ Francesca Simon ; ilustraciones de Tony Ross" Titulo="Pablo Diablo y los fantasmas" Transaccion="20091130:12302450">
			<Ejemplares>
				<Ejemplar CodigoEjemplar="000294H" FechaAlta="30/11/2009" IdTiposEjemplar="2" NumEjemplar="1" NumRegistro="2" Prestado="False" Sig1="82" Sig2="SIM" Sig3="pab" />
			</Ejemplares>
			<Prestamos />
			<FuncionesAutor />
			<CDUs>
				<CDU Codigo="82" />
			</CDUs>
			<FondoAplicaciones>
				<FondoAplicacion IdAplicacion="4" />
			</FondoAplicaciones>
			<FondoDescriptores>
				<Descriptor IdDescriptor="261" />
			</FondoDescriptores>
		</Fondo>
	<Fondo CaracteristicasFisicas=": il." CodigoExterno="00000000118918" CodigoLocal="20130000289" DepositoLegal="LE 1127-1998" Dimensiones="; 18 cm" Editorial="6" Extension="82 p." FechaEdicion="1998" FechaPublicacion1="1998" ISBN="84-392-8835-2" ISBN2="8439288352" IdAutor="4" IdTipoFondo="1" IntroInfo="130610" Lengua="spa" LugarPublicacion="Madrid" Pais="esp" RestoPortada="/ Disney" Titulo="Urchin" Transaccion="20130610:09443220">
			<Ejemplares>
				<Ejemplar CodigoEjemplar="000295L" FechaAlta="10/06/2013" IdTiposEjemplar="1" NumEjemplar="1" NumRegistro="309" Prestado="False" Sig1="087.5" Sig2="AUT" Sig3="urc" />
			</Ejemplares>
			<Prestamos />
			<FuncionesAutor />
			<CDUs />
			<FondoAplicaciones>
				<FondoAplicacion IdAplicacion="5" />
			</FondoAplicaciones>
			<FondoDescriptores>
				<Descriptor IdDescriptor="262" />
			</FondoDescriptores>
		</Fondo>
		<Fondo CaracteristicasFisicas="il. col. n." CodigoExterno="BPE19980057311" CodigoLocal="20130000290" Coleccion="La torre y la flor . Mi hermana Clara y yo" Dimensiones="18 cm" Editorial="7" Extension="88, [8] p." FechaEdicion="1989" FechaPublicacion1="1989" ISBN="84-241-5769-9" ISBN2="8424157699" IdAutor="5" IdTipoFondo="1" IntroInfo="130610" Lengua="spa" LugarPublicacion="Le&#243;n" NumeroSerie="108" Pais="esp" RestoPortada="Dimiter Inkiow ; ilustrado por Fritz Goller ; traducci&#243;n, Eladio Mart&#237;nez Bernaldo de Quir&#243;s" Titulo="Mi hermana Clara y el rat&#243;n de regalo" Transaccion="20130610:09485596">
			<Ejemplares>
				<Ejemplar CodigoEjemplar="000296C" FechaAlta="10/06/2013" IdTiposEjemplar="3" NumEjemplar="1" NumRegistro="310" Prestado="False" Sig1="087" Sig2="INK" Sig3="her" />
			</Ejemplares>
			<Prestamos />
			<FuncionesAutor />
			<CDUs />
			<FondoAplicaciones>
				<FondoAplicacion IdAplicacion="6" />
			</FondoAplicaciones>
			<FondoDescriptores>
				<Descriptor IdDescriptor="263" />
			</FondoDescriptores>
		</Fondo>
		<Fondo CaracteristicasFisicas="il. col. y n." CodigoExterno="BPE19980065976" CodigoLocal="20130000291" Dimensiones="22 cm" Editorial="8" Extension="148 p. [3] h." FechaEdicion="1991" FechaPublicacion1="1991" ISBN="84-316-2811-1" ISBN2="8431628111" IdAutor="6" IdTipoFondo="1" IntroInfo="130610" Lengua="spa" LugarPublicacion="Barcelona" Pais="esp" RestoPortada="Charles Dickens ; ilustraciones, Michael Foreman ; traducci&#243;n, Francisco Torres Oliver" Titulo="Canci&#243;n de Navidad" Transaccion="20130610:09500034">
			<Ejemplares>
				<Ejemplar CodigoEjemplar="000297K" FechaAlta="10/06/2013" IdTiposEjemplar="2" NumEjemplar="1" NumRegistro="311" Prestado="False" Sig1="82-39" Sig2="DIC" Sig3="can" />
			</Ejemplares>
			<Prestamos />
			<FuncionesAutor />
			<CDUs />
			<FondoAplicaciones>
				<FondoAplicacion IdAplicacion="7" />
			</FondoAplicaciones>
			<FondoDescriptores />
		</Fondo>
	</Fondos>
</Fichero>